{
  "metadata": {
    "analysis_timestamp": "2025-07-12T01:01:36.724649",
    "memory_namespace": "swarm-pleiotropy-analysis-1752302124",
    "statistical_parameters": {
      "alpha": 0.05,
      "bootstrap_iterations": 1000,
      "multiple_testing_method": "fdr_bh"
    }
  },
  "codon_usage_bias": {
    "amino_acid_bias": {
      "A": {
        "chi2_statistic": 632.7479338842976,
        "p_value": 1.2623301673865119e-139,
        "degrees_freedom": 1,
        "codons": [
          "GCA",
          "GCG"
        ],
        "observed_frequencies": [
          0.007640067911714771,
          0.06706281833616298
        ],
        "bias_strength": 0.3977272727272727,
        "p_adjusted": 4.6285439470838774e-139,
        "significant_after_correction": true
      },
      "D": {
        "chi2_statistic": 672.7685898245172,
        "p_value": 2.4975890222778975e-148,
        "degrees_freedom": 1,
        "codons": [
          "GAC",
          "GAT"
        ],
        "observed_frequencies": [
          0.006791171477079796,
          0.06876061120543293
        ],
        "bias_strength": 0.41011235955056186,
        "p_adjusted": 1.3736739622528435e-147,
        "significant_after_correction": true
      },
      "F": {
        "chi2_statistic": 45.91836734693877,
        "p_value": 1.2328462652263354e-11,
        "degrees_freedom": 1,
        "codons": [
          "TTT",
          "TTC"
        ],
        "observed_frequencies": [
          0.014431239388794566,
          0.00933786078098472
        ],
        "bias_strength": 0.10714285714285712,
        "p_adjusted": 1.2328462652263354e-11,
        "significant_after_correction": true
      },
      "G": {
        "chi2_statistic": 121.50204081632651,
        "p_value": 2.966959956211648e-28,
        "degrees_freedom": 1,
        "codons": [
          "GGT",
          "GGC"
        ],
        "observed_frequencies": [
          0.100169779286927,
          0.04838709677419355
        ],
        "bias_strength": 0.1742857142857143,
        "p_adjusted": 4.079569939791016e-28,
        "significant_after_correction": true
      },
      "I": {
        "chi2_statistic": 236.42791010857667,
        "p_value": 2.3637658585167175e-53,
        "degrees_freedom": 1,
        "codons": [
          "ATC",
          "ATT"
        ],
        "observed_frequencies": [
          0.023769100169779286,
          0.06876061120543293
        ],
        "bias_strength": 0.24311926605504586,
        "p_adjusted": 4.333570740613983e-53,
        "significant_after_correction": true
      },
      "K": {
        "chi2_statistic": 691.5235457063714,
        "p_value": 2.084398735740909e-152,
        "degrees_freedom": 1,
        "codons": [
          "AAA",
          "AAG"
        ],
        "observed_frequencies": [
          0.07385398981324279,
          0.006791171477079796
        ],
        "bias_strength": 0.41578947368421054,
        "p_adjusted": 2.292838609315e-151,
        "significant_after_correction": true
      },
      "N": {
        "chi2_statistic": 609.1612135633552,
        "p_value": 1.7028919161651618e-134,
        "degrees_freedom": 1,
        "codons": [
          "AAT",
          "AAC"
        ],
        "observed_frequencies": [
          0.007640067911714771,
          0.06196943972835314
        ],
        "bias_strength": 0.3902439024390244,
        "p_adjusted": 4.682952769454195e-134,
        "significant_after_correction": true
      },
      "Q": {
        "chi2_statistic": 78.39999999999998,
        "p_value": 8.415216715193293e-19,
        "degrees_freedom": 1,
        "codons": [
          "CAA",
          "CAG"
        ],
        "observed_frequencies": [
          0.007640067911714771,
          0.013582342954159592
        ],
        "bias_strength": 0.13999999999999999,
        "p_adjusted": 1.0285264874125135e-18,
        "significant_after_correction": true
      },
      "S": {
        "chi2_statistic": 71.83364839319472,
        "p_value": 2.5207016399159407e-16,
        "degrees_freedom": 2,
        "codons": [
          "TCC",
          "TCT",
          "AGC"
        ],
        "observed_frequencies": [
          0.004244482173174873,
          0.006791171477079796,
          0.008488964346349746
        ],
        "bias_strength": 0.08933933337636198,
        "p_adjusted": 2.772771803907535e-16,
        "significant_after_correction": true
      },
      "V": {
        "chi2_statistic": 272.32142857142856,
        "p_value": 7.347729059072658e-60,
        "degrees_freedom": 2,
        "codons": [
          "GTT",
          "GTA",
          "GTG"
        ],
        "observed_frequencies": [
          0.022920203735144314,
          0.004244482173174873,
          0.02037351443123939
        ],
        "bias_strength": 0.17394808566907685,
        "p_adjusted": 1.6165003929959848e-59,
        "significant_after_correction": true
      },
      "Y": {
        "chi2_statistic": 140.625,
        "p_value": 1.9433131432790052e-32,
        "degrees_freedom": 1,
        "codons": [
          "TAC",
          "TAT"
        ],
        "observed_frequencies": [
          0.008488964346349746,
          0.01867572156196944
        ],
        "bias_strength": 0.1875,
        "p_adjusted": 3.053777796581294e-32,
        "significant_after_correction": true
      }
    },
    "overall_statistics": {
      "total_amino_acids_analyzed": 11,
      "significant_biases_uncorrected": 11,
      "significant_biases_corrected": 11,
      "average_bias_strength": 0.24810984226637503
    },
    "significant_biases": [
      {
        "amino_acid": "A",
        "p_value": 1.2623301673865119e-139,
        "bias_strength": 0.3977272727272727
      },
      {
        "amino_acid": "D",
        "p_value": 2.4975890222778975e-148,
        "bias_strength": 0.41011235955056186
      },
      {
        "amino_acid": "F",
        "p_value": 1.2328462652263354e-11,
        "bias_strength": 0.10714285714285712
      },
      {
        "amino_acid": "G",
        "p_value": 2.966959956211648e-28,
        "bias_strength": 0.1742857142857143
      },
      {
        "amino_acid": "I",
        "p_value": 2.3637658585167175e-53,
        "bias_strength": 0.24311926605504586
      },
      {
        "amino_acid": "K",
        "p_value": 2.084398735740909e-152,
        "bias_strength": 0.41578947368421054
      },
      {
        "amino_acid": "N",
        "p_value": 1.7028919161651618e-134,
        "bias_strength": 0.3902439024390244
      },
      {
        "amino_acid": "Q",
        "p_value": 8.415216715193293e-19,
        "bias_strength": 0.13999999999999999
      },
      {
        "amino_acid": "S",
        "p_value": 2.5207016399159407e-16,
        "bias_strength": 0.08933933337636198
      },
      {
        "amino_acid": "V",
        "p_value": 7.347729059072658e-60,
        "bias_strength": 0.17394808566907685
      },
      {
        "amino_acid": "Y",
        "p_value": 1.9433131432790052e-32,
        "bias_strength": 0.1875
      }
    ]
  },
  "trait_correlations": {
    "correlation_matrix": {
      "carbon_metabolism": {
        "carbon_metabolism": 1.0,
        "stress_response": 0.19934283060224656,
        "regulatory": 0.07234713976576307,
        "dna_processing": 0.05316932505533281,
        "motility": 0.053172608610163895,
        "biofilm_formation": 0.7579212815507391
      },
      "stress_response": {
        "carbon_metabolism": 0.19934283060224656,
        "stress_response": 1.0,
        "regulatory": 0.6767434729152908,
        "dna_processing": 0.006105122813009581,
        "motility": 0.20851200871719294,
        "biofilm_formation": 0.14839245431320683
      },
      "regulatory": {
        "carbon_metabolism": 0.07234713976576307,
        "stress_response": 0.6767434729152908,
        "regulatory": 1.0,
        "dna_processing": -0.2826560489315596,
        "motility": -0.10256622406688476,
        "biofilm_formation": 0.1628494665190548
      },