{
  "evaluation_date": "2025-07-13T23:12:52.949448",
  "results_directory": "results_20250713_231039",
  "categories": {
    "data_authenticity": {
      "authentic_genomes": 17,
      "verified_accessions": [
        "NC_000962",
        "NZ_CP156988",
        "NZ_CP155539",
        "NZ_CP053102",
        "CP003904",
        "NZ_CP010905",
        "AE005673",
        "NZ_CP191168",
        "NZ_CP159789",
        "NZ_CP023861",
        "AE004969",
        "NC_002163",
        "NZ_CP165604",
        "NZ_CP013742",
        "NZ_CP115148",
        "AE016830",
        "NZ_CP011107"
      ],
      "issues": [],
      "authenticity_rate": 0.9444444444444444
    },
    "experimental_validity": {
      "successful_analyses": 18,
      "failed_analyses": 0,
      "analysis_times": [
        0.9085760116577148,
        0.004797220230102539,
        0.27491140365600586,
        0.7235424518585205,
        0.884397029876709,
        0.5865027904510498,
        0.5688958168029785,
        0.3062479496002197,
        0.26641392707824707,
        0.33844780921936035,
        0.7960555553436279,
        0.5959110260009766,
        0.7965571880340576,
        0.09335565567016602,
        0.33782482147216797,
        0.37032127380371094,
        0.6556563377380371,
        0.36272406578063965
      ],
      "output_files_present": 18,
      "success_rate": 1.0,
      "avg_analysis_time": 0.492841018570794
    },
    "result_consistency": {
      "genes_detected": {
        "bacillus_subtilis_168": 3,
        "borrelia_burgdorferi_b31": 3,
        "campylobacter_jejuni": 6,
        "caulobacter_crescentus_cb15": 6,
        "clostridium_difficile_630": 21,
        "corynebacterium_glutamicum": 3,
        "enterococcus_faecalis_v583": 3,
        "haemophilus_influenzae_rd": 3,
        "helicobacter_pylori_26695": 3,
        "lactobacillus_acidophilus_ncfm": 3,
        "legionella_pneumophila": 3,
        "listeria_monocytogenes_egde": 3,
        "mycobacterium_tuberculosis_h37rv": 3,
        "mycoplasma_genitalium_g37": 6,
        "neisseria_gonorrhoeae_fa1090": 3,
        "streptococcus_pneumoniae_tigr4": 3,
        "synechocystis_pcc6803": 3,
        "thermotoga_maritima_msb8": 3
      },
      "trait_distributions": {
        "stress_response": 43,
        "regulatory": 43,
        "carbon_metabolism": 15,
        "structural": 6,
        "high_expression": 6,
        "motility": 6
      },
      "consistency_metrics": {
        "mean_genes": 4.5,
        "std_dev_genes": 4.273722719404353,
        "min_genes": 3,
        "max_genes": 21
      }
    },
    "biological_plausibility": {
      "plausible_traits": [
        "stress_response",
        "regulatory",
        "regulatory",
        "stress_response",
        "regulatory",
        "stress_response",
        "regulatory",
        "stress_response",
        "regulatory",
        "stress_response",
        "regulatory",
        "regulatory",
        "stress_response",
        "stress_response",
        "stress_response",
        "regulatory",
        "regulatory",
        "stress_response",
        "stress_response",
        "regulatory",
        "stress_response",
        "regulatory",
        "stress_response",
        "regulatory",
        "stress_response",
        "stress_response",
        "stress_response",
        "stress_response",
        "regulatory",
        "regulatory",
        "regulatory",
        "regulatory",
        "regulatory",
        "stress_response",
        "regulatory",
        "stress_response",
        "stress_response",
        "regulatory",
        "regulatory",
        "stress_response",
        "stress_response",
        "regulatory",
        "regulatory",
        "stress_response",
        "stress_response",
        "regulatory",
        "regulatory",
        "stress_response",
        "stress_response",
        "regulatory",
        "regulatory",
        "stress_response",
        "stress_response",
        "regulatory",
        "regulatory",
        "stress_response",
        "regulatory",
        "stress_response",
        "regulatory",
        "stress_response",
        "stress_response",
        "regulatory",
        "regulatory",
        "stress_response",
        "regulatory",
        "stress_response",
        "regulatory",
        "stress_response",
        "regulatory",
        "stress_response",
        "stress_response",
        "regulatory",
        "regulatory",
        "stress_response",
        "stress_response",
        "regulatory",
        "regulatory",
        "stress_response",
        "stress_response",
        "regulatory",
        "regulatory",
        "stress_response",
        "stress_response",
        "regulatory",
        "regulatory",
        "stress_response"
      ],
      "confidence_scores": [
        0.65,
        0.85,
        0.75,
        0.65,
        0.65,
        0.65,
        0.825,
        0.7000000000000001,
        0.65,
        0.7625,
        0.7375,
        0.675,
        0.65,
        0.8750000000000001,
        0.7000000000000001,
        0.7625000000000001,
        0.675,
        0.7875000000000001,
        0.65,
        0.7000000000000001,
        0.8833333333333333,
        0.5666666666666668,
        0.7000000000000001,
        0.7000000000000001,
        0.675,
        0.7666666666666666,
        0.6083333333333334,
        0.675,
        0.675,
        0.7916666666666667,
        0.6333333333333334,
        0.7000000000000001,
        0.7000000000000001,
        0.7250000000000001,
        0.7916666666666667,
        0.7916666666666667,
        0.6333333333333334,
        0.6333333333333334,
        0.7000000000000001,
        1.0,
        0.65,
        0.825,
        0.65,
        0.9249999999999999,
        0.7875,
        0.65,
        0.85,
        0.75,
        0.65,
        0.85,
        0.75,
        0.65,
        0.7749999999999999,
        0.7124999999999999,
        0.65,
        0.85,
        0.75,
        0.8750000000000001,
        0.65,
        0.7625000000000001,
        0.65,
        1.0,
        0.825,
        0.75,
        0.65,
        0.7000000000000001,
        0.7,
        0.7250000000000001,
        0.675,
        0.65,
        0.825,
        0.7375,
        0.65,
        0.9500000000000001,
        0.8,
        0.65,
        0.975,
        0.8125,
        0.65,
        0.8750000000000001,
        0.7625000000000001
      ],
      "issues": [],
      "avg_confidence": 0.7373456790123457,
      "trait_plausibility": 0.5
    },
    "statistical_significance": {
      "sample_size": 18,
      "power_analysis": "sufficient",
      "trait_frequency": {
        "stress_response": 0.5308641975308642,
        "regulatory": 0.5308641975308642,
        "carbon_metabolism": 0.18518518518518517,
        "structural": 0.07407407407407407,
        "high_expression": 0.07407407407407407,
        "motility": 0.07407407407407407
      }
    },
    "reproducibility": {
      "code_available": true,
      "data_available": true,
      "parameters_documented": true,
      "reproducibility_score": 100
    }
  },
  "overall_score": 0.8611111111111112,
  "scientific_veracity": "HIGH"
}